question_id,setting,model_name,provider,retrieval_method,top_source_ids,answer,cited_source,answer_correct,citation_correct,hallucination,refusal_correct,notes
HQ0001,strict_citation_rag,gpt-4.1-mini,openai,gold,S000004 S000017,"Yes, Scott Derrickson and Ed Wood were both American [S000004], [S000017].",S000004 S000017,yes,yes,no,na,Correct answer and full citation.
HQ0002,strict_citation_rag,gpt-4.1-mini,openai,gold,S000041 S000042 S000054,"The woman who portrayed Corliss Archer in the film Kiss and Tell, Shirley Temple, held the government positions of United States ambassador to Ghana, United States ambassador to Czechoslovakia, and also served as Chief of Protocol of the United States [S000042][S000054].",S000042 S000054,yes,yes,no,na,Correct answer; citations support Shirley Temple and Chief of Protocol.
HQ0003,strict_citation_rag,gpt-4.1-mini,openai,gold,S000084 S000085 S000086 S000114 S000115,"The science fantasy young adult series is ""Animorphs,"" which is told in first person with six main characters taking turns narrating the books through their own perspectives. It has a set of companion books, such as ""The Hork-Bajir Chronicles,"" narrating the stories of enslaved worlds and alien species, including how the Yeerks enslaved the Hork-Bajir [S000084], [S000085], [S000086], [S000114], [S000115].",S000084 S000085 S000086 S000114 S000115,yes,yes,no,na,Correct answer with full supporting citations.
HQ0004,strict_citation_rag,gpt-4.1-mini,openai,gold,S000140 S000141,"No, the Laleli Mosque is located in Laleli, Fatih, Istanbul, while the Esma Sultan Mansion is located in the Ortaköy neighborhood of Istanbul. Therefore, they are not located in the same neighborhood [S000140][S000141].",S000140 S000141,yes,yes,no,na,Correct yes/no answer with both location citations.
HQ0005,strict_citation_rag,gpt-4.1-mini,openai,gold,S000156 S000196,"The director of the romantic comedy ""Big Stone Gap,"" Adriana Trigiani, is based in Greenwich Village, New York City [S000156].",S000156,yes,partial,no,na,Correct answer; citation supports Trigiani location but omits Big Stone Gap director evidence.
HQ0006,strict_citation_rag,gpt-4.1-mini,openai,gold,S000210 S000217,2014 S/S is the debut album of a South Korean boy group that was formed by YG Entertainment [S000217].,S000217,yes,partial,no,na,Correct answer; citation supports YG Entertainment but omits album/group setup evidence.
HQ0007,strict_citation_rag,gpt-4.1-mini,openai,gold,S000264 S000278,"Eenasul Fateh was known by his stage name Aladin and helped organizations improve their performance as a consultant [S000264], [S000278].",S000264 S000278,yes,yes,no,na,Correct answer with identity and consultant support.
HQ0008,strict_citation_rag,gpt-4.1-mini,openai,gold,S000350 S000360,"The arena where the Lewiston Maineiacs played their home games can seat 3,677 people. [S000350], [S000360]",S000350 S000360,yes,yes,no,na,"Correct answer; 3,677 seating capacity is supported."
HQ0009,strict_citation_rag,gpt-4.1-mini,openai,gold,S000371 S000373 S000381,"Terry Richardson is older than Annie Morton. Terry Richardson was born on August 14, 1965, while Annie Morton was born on October 8, 1970 [S000371, S000381].",S000371 S000381,yes,yes,no,na,Correct comparison using birth dates.
HQ0010,strict_citation_rag,gpt-4.1-mini,openai,gold,S000430 S000440,"Yes, Local H and For Against are both from the United States. Local H was formed in Zion, Illinois, and For Against is from Lincoln, Nebraska [S000430], [S000440].",S000430 S000440,yes,yes,no,na,Correct answer with both U.S. locations supported.
HQ0011,strict_citation_rag,gpt-4.1-mini,openai,gold,S000481 S000498 S000499,"The fight song of the University of Kansas, whose main campus is in Lawrence, Kansas, and whose branch campuses are in the Kansas City metropolitan area, is ""Kansas Song (We’re From Kansas)"" [S000481], [S000498], [S000499].",S000481 S000498 S000499,yes,yes,no,na,Correct fight song answer with university and song evidence.
HQ0012,strict_citation_rag,gpt-4.1-mini,openai,gold,S000520 S000521 S000539,"David Weissman is the screenwriter with credits for ""Evolution"" who co-wrote the film ""The Family Man"" starring Nicolas Cage and Téa Leoni [S000521], [S000539].",S000521 S000539,yes,yes,no,na,Correct screenwriter answer with relevant film evidence.
HQ0013,strict_citation_rag,gpt-4.1-mini,openai,gold,S000580 S000581 S000582,"Guns N' Roses performed a promo for the movie starring Arnold Schwarzenegger as a former New York Police detective in 1999 [S000581], [S000582].",S000581 S000582,yes,yes,no,na,Correct year and citations support the movie/promo link.
HQ0014,strict_citation_rag,gpt-4.1-mini,openai,gold,S000601 S000604,The document does not provide enough information.,,no,na,no,na,Incorrect refusal despite gold evidence supporting the expected no answer.
HQ0015,strict_citation_rag,gpt-4.1-mini,openai,gold,S000665 S000666 S000675,"The football manager who recruited David Beckham, Alex Ferguson, managed Manchester United from 1986 to 2013 [S000666][S000675].",S000666 S000675,yes,yes,no,na,Correct timeframe with Beckham/Ferguson and management-year evidence.
HQ0016,strict_citation_rag,gpt-4.1-mini,openai,gold,S000688 S000740,The document does not provide enough information.,,no,na,no,na,Incorrect refusal despite gold evidence containing county population.
HQ0017,strict_citation_rag,gpt-4.1-mini,openai,gold,S000757 S000758 S000759,"The Vermont Catamounts men's soccer team currently competes in the America East Conference, which was formerly known as the North Atlantic Conference from 1988 to 1996 [S000757], [S000759].",S000757 S000759,yes,yes,no,na,Correct conference former-name answer.
HQ0018,strict_citation_rag,gpt-4.1-mini,openai,gold,S000797 S000801,"Yes, both Giuseppe Verdi and Ambroise Thomas are opera composers. Giuseppe Verdi was an Italian opera composer [S000797], and Ambroise Thomas was a French composer best known for his operas ""Mignon"" and ""Hamlet"" [S000801].",S000797 S000801,yes,yes,no,na,Correct answer with both composer citations.
HQ0019,strict_citation_rag,gpt-4.1-mini,openai,gold,S000828 S000858,"Roger O. Egeberg was Assistant Secretary for Health and Scientific Affairs during the Nixon administration. Richard Milhous Nixon was President of the United States from 1969 until 1974. Therefore, Roger O. Egeberg served during the years 1969 to 1974. [S000828], [S000858]",S000828 S000858,yes,yes,no,na,Correct presidential years with supporting citations.
HQ0020,strict_citation_rag,gpt-4.1-mini,openai,gold,S000868 S000882,"Robert Erskine Childers was from England, as he was a British writer [S000882].",S000882,yes,partial,no,na,Correct answer; citation supports Childers but omits contrast with Henry Roth.
HQ0021,strict_citation_rag,gpt-4.1-mini,openai,gold,S000915 S000931 S000932,"Pedro Rodríguez is the other Mexican Formula One driver who has held the podium besides Sergio Pérez, as he is noted as the most successful Mexican driver and the only one to have won a grand prix, while Sergio Pérez is the only other Mexican to finish on the podium [S000931][S000932].",S000931 S000932,yes,partial,no,na,Correct answer; citations support podium clue but omit some Force India/Sergio setup evidence.
HQ0022,strict_citation_rag,gpt-4.1-mini,openai,gold,S000964 S000979,"The singer of ""A Rather Blustery Day"" also voiced Dr. Robotnik from ""Sonic the Hedgehog"" [S000964][S000979].",S000964 S000979,yes,yes,no,na,Correct expected Sonic-related answer with singer and voice-role citations.
HQ0023,strict_citation_rag,gpt-4.1-mini,openai,gold,S000993 S000994 S001009 S001010,"The program Apple Remote was originally designed to interact with, Front Row, can also be controlled by the keyboard function keys [S001010].",S001010,yes,partial,no,na,Correct answer; citation supports keyboard function keys but omits Apple Remote/Front Row setup.
HQ0024,strict_citation_rag,gpt-4.1-mini,openai,gold,S001039 S001058,"Wolf Alice has 4 members playing multiple instruments: Ellie Rowsell (vocals, guitar), Joff Oddie (guitars, vocals), Theo Ellis (bass), and Joel Amey (drums, vocals), totaling 4 people. The instruments mentioned are vocals, guitar, bass, and drums, which count as 5 instruments in total.

Badly Drawn Boy is a single individual, Damon Michael Gough, a multi-instrumentalist, but the exact number of instruments is not specified.

Since Wolf Alice has 5 instruments among 4 members, the instrument to person ratio is 5/4 = 1.25.

Badly Drawn Boy is 1 person, but without a specified number of instruments, the ratio cannot be calculated.

Therefore, based on the given information, Wolf Alice has a higher instrument to person ratio.

[S001039], [S001058]",S001039 S001058,no,no,yes,na,Incorrect answer; model overgeneralizes instrument/person ratio and chooses Wolf Alice.
HQ0025,strict_citation_rag,gpt-4.1-mini,openai,gold,S001073 S001093 S001094,"Kasper Schmeichel's father, Peter Schmeichel, was voted the IFFHS World's Best Goalkeeper in 1992 [S001073].",S001073,yes,partial,no,na,Correct answer; citation supports the award but omits father relationship evidence.
HQ0026,strict_citation_rag,gpt-4.1-mini,openai,gold,S001131 S001136,"The writer of ""These Boots Are Made for Walkin'"" was Lee Hazlewood, who died in 2007 [S001131], [S001136].",S001131 S001136,yes,yes,no,na,Correct writer/death answer; common name Lee Hazlewood accepted for Barton Lee Hazlewood.
HQ0027,strict_citation_rag,gpt-4.1-mini,openai,gold,S001153 S001166,Virginia Commonwealth University was founded in 1838 [S001153].,S001153,yes,partial,no,na,Correct year; citation supports VCU founding year but omits basketball-team setup.
HQ0028,strict_citation_rag,gpt-4.1-mini,openai,gold,S001199 S001204,"Yes, both Dictyosperma and Huernia are described as a genus. Dictyosperma is described as a monotypic genus of flowering plant in the palm family [S001199], and Huernia is described as a genus first described in 1810 [S001204].",S001199 S001204,yes,yes,no,na,Correct genus comparison with both citations.
HQ0029,strict_citation_rag,gpt-4.1-mini,openai,gold,S001224 S001225 S001230,"Yes, Kaiser Ventures corporation was founded by Henry John Kaiser, an American industrialist who became known as the father of modern American shipbuilding [S001225], [S001230].",S001225 S001230,yes,yes,no,na,Correct founder answer with founder and shipbuilding-father evidence.
HQ0030,strict_citation_rag,gpt-4.1-mini,openai,gold,S001245 S001273,"The name of the adventure in ""Tunnels & Trolls"" is ""Arena of Khazan"" [S001245], [S001273].",S001245 S001273,yes,yes,no,na,Correct adventure name with game/designer and adventure citations.
HQ0031,strict_citation_rag,gpt-4.1-mini,openai,gold,S001295 S001315,The document does not provide enough information.,,no,na,no,na,Incorrect refusal; expected release year is 2000.
HQ0032,strict_citation_rag,gpt-4.1-mini,openai,gold,S001324 S001335,"Buck-Tick hails from Fujioka, Gunma, Japan [S001335].",S001335,yes,yes,no,na,Correct Buck-Tick origin answer.
HQ0033,strict_citation_rag,gpt-4.1-mini,openai,gold,S001366 S001386,"The French ace pilot and adventurer who flew L'Oiseau Blanc was Charles Nungesser [S001366], [S001386].",S001366 S001386,yes,yes,no,na,Correct pilot answer; Charles Nungesser corresponds to expected Charles Eugene.
HQ0034,strict_citation_rag,gpt-4.1-mini,openai,gold,S001428 S001431,"No, only Freakonomics: The Movie is an American documentary. In the Realm of the Hackers is an Australian documentary [S001428][S001431].",S001428 S001431,yes,yes,no,na,Correct no answer with American/Australian documentary evidence.
HQ0035,strict_citation_rag,gpt-4.1-mini,openai,gold,S001439 S001440 S001469 S001470,"Letters to Cleo had six members (Kay Hanley, Greg McKenna, Michael Eisenstein, Stacy Jones, Scott Riebling, and later Tom Polce) [S001440]. Screaming Trees had four members (Mark Lanegan, Gary Lee Conner, Van Conner, and Mark Pickerel, who was later replaced by Barrett Martin) [S001469][S001470]. Therefore, Letters to Cleo had more members.",S001440 S001469 S001470,yes,yes,no,na,Correct member-count comparison with citations.
HQ0036,strict_citation_rag,gpt-4.1-mini,openai,gold,S001484 S001512,"Alexander Kerensky was defeated and destroyed by the Bolsheviks in the course of the Russian Civil War, which ended in October 1922 [S001484], [S001512].",S001484 S001512,yes,yes,no,na,Correct Civil War end date with citations.
HQ0037,strict_citation_rag,gpt-4.1-mini,openai,gold,S001549 S001562,Seven Brief Lessons on Physics was written by an Italian physicist that has worked in France since the year 2000 [S001549].,S001549,yes,partial,no,na,Correct year; citation supports Rovelli in France since 2000 but omits book-author link.
HQ0038,strict_citation_rag,gpt-4.1-mini,openai,gold,S001565 S001591,"The Livesey Hall War Memorial commemorates the fallen of World War II, which had over 60 million casualties [S001565], [S001591].",S001565 S001591,yes,yes,no,na,Correct World War II answer with memorial and casualty citations.
HQ0039,strict_citation_rag,gpt-4.1-mini,openai,gold,S001606 S001607,"No, only Gerald R. Ford International Airport is located in Michigan. Elko Regional Airport is located in Elko County, Nevada [S001606], while Gerald R. Ford International Airport is in Cascade Township, Michigan [S001607].",S001606 S001607,yes,yes,no,na,Correct no answer with Nevada/Michigan airport locations.
HQ0040,strict_citation_rag,gpt-4.1-mini,openai,gold,S001665 S001671,"Ralph Hefferline was a psychology professor at a university located in New York City [S001665], [S001671].",S001665 S001671,yes,yes,no,na,Correct city with Columbia University location evidence.
HQ0041,strict_citation_rag,gpt-4.1-mini,openai,gold,S001681 S001710 S001713,The Scotch Collie's ancestors include Gordon and Irish Setters [S001713].,S001713,yes,yes,no,na,Correct Scotch Collie answer with ancestor citation.
HQ0042,strict_citation_rag,gpt-4.1-mini,openai,gold,S001738 S001746,"The company that Sachin Warrier worked for as a software engineer, Tata Consultancy Services, is headquartered in Mumbai, Maharashtra [S001746].",S001746,yes,partial,no,na,Correct headquarters location; citation supports TCS headquarters but omits Sachin employment evidence.
HQ0043,strict_citation_rag,gpt-4.1-mini,openai,gold,S001775 S001824,"The Japanese manga series based on 16-year-old high school student Ichitaka Seto is written and illustrated by Masakazu Katsura, who was born in 1962 [S001775].",S001775,yes,partial,no,na,Correct birth year; citation supports author birth but omits manga/main-character setup.
HQ0044,strict_citation_rag,gpt-4.1-mini,openai,gold,S001857 S001869,"The battle in which Giuseppe Arimondi lost his life secured Ethiopian sovereignty [S001857, S001869].",S001857 S001869,yes,yes,no,na,Correct sovereignty answer with battle and death citations.
HQ0045,strict_citation_rag,gpt-4.1-mini,openai,gold,S001885 S001940 S001942,"Alfred Balk served as the secretary of New York Governor Nelson Rockefeller's Committee on the Employment of Minority Groups in the News Media. The document does not specify that Nelson Rockefeller was serving as United States Vice President at that time or link Balk's service to Rockefeller's vice presidency. Therefore, the document does not provide enough information to state that Balk served under a United States Vice President. However, it identifies Nelson Rockefeller as the governor in this context [S001942], [S001885].",S001885 S001942,partial,partial,no,na,Partial: identifies Nelson Rockefeller but frames answer as not enough information about vice presidency.
HQ0046,strict_citation_rag,gpt-4.1-mini,openai,gold,S001966 S001967 S001968 S001969,"A medieval fortress in Dirleton, East Lothian, Scotland borders on the south side of Yellowcraig. This is supported by the sentence stating that Yellowcraig is bordered to the south by the village of Dirleton and Dirleton Castle [S001968].",S001968,yes,yes,no,na,Correct Yellowcraig answer; cited border sentence directly supports answer.
HQ0047,strict_citation_rag,gpt-4.1-mini,openai,gold,S001992 S001993 S002030,"The writer of the song ""To Know Him Is to Love Him,"" which was inspired by words on his father's tombstone and was the first track on the box set Back to Mono, is Phil Spector [S001993], [S002030].",S001993 S002030,yes,yes,no,na,Correct Phil Spector answer with first-track and tombstone/writer evidence.
HQ0048,strict_citation_rag,gpt-4.1-mini,openai,gold,S002066 S002073,"A former Soviet statesman, Mikhail Gorbachev, initiated the World Summit of Nobel Peace Laureates, which is a forum where the Nobel Peace Laureates and the Peace Laureate Organizations come together to address global issues with the aim to encourage and support peace and human well-being in the world [S002066][S002073].",S002066 S002073,yes,yes,no,na,Correct forum description with Gorbachev evidence.
HQ0049,strict_citation_rag,gpt-4.1-mini,openai,gold,S002101 S002133,"Yes, Ferocactus and Silene are both types of plants. Silene is a genus of flowering plants, and Ferocactus is a genus of cacti, which are also plants [S002101][S002133].",S002101 S002133,yes,yes,no,na,Correct plant comparison with both genus citations.
HQ0050,strict_citation_rag,gpt-4.1-mini,openai,gold,S002149 S002156,The document does not provide enough information.,,no,na,no,na,Incorrect refusal under benchmark expected answer.
